"hospitals","coverage","implementation","operating","ten_year","annualised"
1,"8%",0.45,4.93,42.5038999853048,4.25038999853048
6,"38%",2.7,29.58,255.023399911829,25.5023399911829
10,"56%",4.5,49.3,425.038999853048,42.5038999853048
16,"79%",7.2,78.88,680.062399764877,68.0062399764877
26,"99%",11.7,128.18,1105.10139961793,110.510139961793
