"hospitals","coverage","implementation","operating","ten_year","annualised"
1,"8%",0.45,4.928,42.4868395796313,4.24868395796313
6,"38%",2.7,29.568,254.921037477788,25.4921037477788
10,"56%",4.5,49.28,424.868395796313,42.4868395796313
16,"79%",7.2,78.848,679.789433274101,67.9789433274101
26,"99%",11.7,128.128,1104.65782907041,110.465782907041
