"hospitals","coverage","implementation","operating","ten_year","annualised"
1,"8%",0.42,4.72828,40.7531874690704,4.07531874690704
6,"38%",2.52,28.36968,244.519124814423,24.4519124814423
10,"56%",4.2,47.2828,407.531874690704,40.7531874690704
16,"79%",6.72,75.65248,652.050999505127,65.2050999505127
26,"99%",10.92,122.93528,1059.58287419583,105.958287419583
